seed,old_hash,current_hash,hash_changed,current_outcome,current_player_outcome,current_rival_outcome,current_player_final_pop,current_rival_final_pop,old_source
1337,5101d7c52c007c01,5101d7c52c007c01,false,victory,victory,gameOver,9,0,docs/fleet/reports/wave0/W0-A.md
1338,1d6e8afbadcc2857,1d6e8afbadcc2857,false,gameOver,gameOver,victory,0,39,docs/fleet/reports/wave0/W0-A.md
1339,2e89d70f70296a7b,2e89d70f70296a7b,false,gameOver,gameOver,victory,0,24,docs/fleet/reports/wave0/W0-A.md
1340,b75aba4755593fb7,b75aba4755593fb7,false,victory,victory,gameOver,28,0,docs/fleet/reports/wave0/W0-A.md
1341,fca8617abbb3f2f6,fca8617abbb3f2f6,false,victory,victory,gameOver,91,0,docs/fleet/reports/wave0/W0-A.md
1342,1897ceb6108277b6,1897ceb6108277b6,false,victory,victory,gameOver,80,0,docs/fleet/reports/wave0/W0-A.md
1343,bed761ead7507a76,bed761ead7507a76,false,victory,victory,gameOver,51,0,docs/fleet/reports/wave0/W0-A.md
1344,2a0e9c22ec163d0a,2a0e9c22ec163d0a,false,gameOver,gameOver,victory,0,37,docs/fleet/reports/wave0/W0-A.md
1345,871c5298b3da8c48,871c5298b3da8c48,false,victory,victory,gameOver,36,0,docs/fleet/reports/wave0/W0-A.md
1346,da4d2304cc3b4cb8,da4d2304cc3b4cb8,false,victory,victory,gameOver,85,0,docs/fleet/reports/wave0/W0-A.md
1347,eaf0fb498b6abf69,eaf0fb498b6abf69,false,victory,victory,gameOver,23,0,docs/fleet/reports/wave0/W0-A.md
1348,47bcbdf68d3a5a8a,47bcbdf68d3a5a8a,false,victory,victory,gameOver,124,0,docs/fleet/reports/wave0/W0-A.md
1349,e004afc6dcb92816,e004afc6dcb92816,false,victory,victory,gameOver,100,0,docs/fleet/reports/wave0/W0-A.md
1350,a91353354b73de61,a91353354b73de61,false,victory,victory,gameOver,36,0,docs/fleet/reports/wave0/W0-A.md
1351,b1527a237c62b50f,b1527a237c62b50f,false,victory,victory,gameOver,156,0,docs/fleet/reports/wave0/W0-A.md
1352,1019a00ef880f89a,1019a00ef880f89a,false,victory,victory,gameOver,174,0,docs/fleet/reports/wave0/W0-A.md
1353,e1cc512684cc78e2,e1cc512684cc78e2,false,gameOver,gameOver,victory,0,14,docs/fleet/reports/wave0/W0-A.md
1354,759a4ac8bb838e9c,759a4ac8bb838e9c,false,victory,victory,gameOver,44,0,docs/fleet/reports/wave0/W0-A.md
1355,bd357fd9cfd137d9,bd357fd9cfd137d9,false,running,running,running,1,57,docs/fleet/reports/wave0/W0-A.md
1356,af255b7a679d09ba,af255b7a679d09ba,false,victory,victory,gameOver,177,0,docs/fleet/reports/wave0/W0-A.md
1357,d224f59c211c0ef8,d224f59c211c0ef8,false,victory,victory,gameOver,80,0,docs/fleet/reports/wave0/W0-A.md
1358,f5bb8d63c68e8cf3,f5bb8d63c68e8cf3,false,victory,victory,gameOver,6,0,docs/fleet/reports/wave0/W0-A.md
1359,4329226ea7144b0e,4329226ea7144b0e,false,victory,victory,gameOver,163,0,docs/fleet/reports/wave0/W0-A.md
1360,171e90865e8cbe26,171e90865e8cbe26,false,victory,victory,gameOver,101,0,docs/fleet/reports/wave0/W0-A.md
1361,07cf56fdd41f8ab1,07cf56fdd41f8ab1,false,gameOver,gameOver,victory,0,25,docs/fleet/reports/wave0/W0-A.md
1362,a93eda623edff5e2,a93eda623edff5e2,false,victory,victory,gameOver,156,0,docs/fleet/reports/wave0/W0-A.md
1363,6ad461d73a358b83,6ad461d73a358b83,false,victory,victory,gameOver,240,0,docs/fleet/reports/wave0/W0-A.md
1364,750c4b03e4909a43,750c4b03e4909a43,false,victory,victory,gameOver,45,0,docs/fleet/reports/wave0/W0-A.md
1365,dc50dd13fa461677,dc50dd13fa461677,false,victory,victory,gameOver,97,0,docs/fleet/reports/wave0/W0-A.md
1366,d7c089e9aeb014d5,d7c089e9aeb014d5,false,victory,victory,gameOver,26,0,docs/fleet/reports/wave0/W0-A.md
1367,15b04ce281565ba6,15b04ce281565ba6,false,victory,victory,gameOver,147,0,docs/fleet/reports/wave0/W0-A.md
1368,bfe74fa07016a0c0,bfe74fa07016a0c0,false,victory,victory,gameOver,57,0,docs/fleet/reports/wave0/W0-A.md
1369,44a96d9b6417d4eb,5a944ffad6cc8f42,true,victory,victory,gameOver,24,0,docs/fleet/reports/wave0/W0-A.md
1370,418a81d2135b9826,418a81d2135b9826,false,victory,victory,gameOver,44,0,docs/fleet/reports/wave0/W0-A.md
1371,86ce1b2b90965d83,86ce1b2b90965d83,false,victory,victory,gameOver,71,0,docs/fleet/reports/wave0/W0-A.md
1372,db4143883a444e40,db4143883a444e40,false,gameOver,gameOver,victory,0,10,docs/fleet/reports/wave0/W0-A.md
1373,14f936e6a117b1fa,14f936e6a117b1fa,false,gameOver,gameOver,victory,0,19,docs/fleet/reports/wave0/W0-A.md
1374,fe55d5b32643a28f,fe55d5b32643a28f,false,victory,victory,gameOver,253,0,docs/fleet/reports/wave0/W0-A.md
1375,878e0ccdfa161961,878e0ccdfa161961,false,victory,victory,gameOver,117,0,docs/fleet/reports/wave0/W0-A.md
1376,dcab7919f886f37d,dcab7919f886f37d,false,victory,victory,gameOver,11,0,docs/fleet/reports/wave0/W0-A.md
1377,8a42e7838c59ae8b,8a42e7838c59ae8b,false,gameOver,gameOver,victory,0,53,docs/fleet/reports/wave0/W0-A2.md
1378,bfaad5d4fdb2ebc8,bfaad5d4fdb2ebc8,false,victory,victory,gameOver,99,0,docs/fleet/reports/wave0/W0-A2.md
1379,9bd35cd064cb2a7c,9bd35cd064cb2a7c,false,victory,victory,gameOver,198,0,docs/fleet/reports/wave0/W0-A2.md
1380,42e4f04724d1201f,42e4f04724d1201f,false,victory,victory,gameOver,45,0,docs/fleet/reports/wave0/W0-A2.md
1381,be4c4194f7a22040,be4c4194f7a22040,false,victory,victory,gameOver,89,0,docs/fleet/reports/wave0/W0-A2.md
1382,73c6ecb18ed4a58d,73c6ecb18ed4a58d,false,gameOver,gameOver,victory,0,23,docs/fleet/reports/wave0/W0-A2.md
1383,f3f3d10af80a770e,f3f3d10af80a770e,false,victory,victory,gameOver,32,0,docs/fleet/reports/wave0/W0-A2.md
1384,e4ff1f45fb41d275,e4ff1f45fb41d275,false,victory,victory,gameOver,32,0,docs/fleet/reports/wave0/W0-A2.md
1385,d3ce41aedff1589a,d3ce41aedff1589a,false,victory,victory,gameOver,100,0,docs/fleet/reports/wave0/W0-A2.md
1386,eab2bdd39f69961b,eab2bdd39f69961b,false,victory,victory,gameOver,8,0,docs/fleet/reports/wave0/W0-A2.md
1387,850a67f8fbe1fb3c,850a67f8fbe1fb3c,false,gameOver,gameOver,victory,0,2,docs/fleet/reports/wave0/W0-A2.md
1388,203ce8410ecb6509,203ce8410ecb6509,false,victory,victory,gameOver,123,0,docs/fleet/reports/wave0/W0-A2.md
1389,5e2b0355aa71e64d,5e2b0355aa71e64d,false,victory,victory,gameOver,51,0,docs/fleet/reports/wave0/W0-A2.md
1390,cf6a184407dfd850,cf6a184407dfd850,false,victory,victory,gameOver,87,0,docs/fleet/reports/wave0/W0-A2.md
1391,82073a2e9d4337fa,82073a2e9d4337fa,false,gameOver,gameOver,victory,0,59,docs/fleet/reports/wave0/W0-A2.md
1392,58b99fe8dd2ff7bc,58b99fe8dd2ff7bc,false,victory,victory,gameOver,34,0,docs/fleet/reports/wave0/W0-A2.md
1393,739eb744dcddf408,739eb744dcddf408,false,victory,victory,gameOver,198,0,docs/fleet/reports/wave0/W0-A2.md
1394,2e0cb51d5cb5c93d,2e0cb51d5cb5c93d,false,victory,victory,gameOver,49,0,docs/fleet/reports/wave0/W0-A2.md
1395,1aefd593ee4324a7,1aefd593ee4324a7,false,gameOver,gameOver,victory,0,1,docs/fleet/reports/wave0/W0-A2.md
1396,372a8378369b4090,372a8378369b4090,false,victory,victory,gameOver,59,0,docs/fleet/reports/wave0/W0-A2.md
1397,06891564ecda2f20,06891564ecda2f20,false,victory,victory,gameOver,65,0,docs/fleet/reports/wave0/W0-A2.md
1398,0760f368e2200e74,0760f368e2200e74,false,victory,victory,gameOver,10,0,docs/fleet/reports/wave0/W0-A2.md
1399,02503130d214c210,02503130d214c210,false,victory,victory,gameOver,179,0,docs/fleet/reports/wave0/W0-A2.md
1400,3be23096e3d13772,3be23096e3d13772,false,victory,victory,gameOver,120,0,docs/fleet/reports/wave0/W0-A2.md
1401,92a7fee2c50fca16,5fce66f46805aff8,true,gameOver,gameOver,victory,0,59,docs/fleet/reports/wave0/W0-A2.md
1402,5dcb1b00588c468c,5dcb1b00588c468c,false,victory,victory,gameOver,86,0,docs/fleet/reports/wave0/W0-A2.md
1403,db5f48d18e35aa09,db5f48d18e35aa09,false,gameOver,gameOver,victory,0,18,docs/fleet/reports/wave0/W0-A2.md
1404,4a7146ba9382b1da,4a7146ba9382b1da,false,victory,victory,gameOver,69,0,docs/fleet/reports/wave0/W0-A2.md
1405,56438f9308cc8d23,56438f9308cc8d23,false,victory,victory,gameOver,46,0,docs/fleet/reports/wave0/W0-A2.md
1406,07f84324d3ca70e0,07f84324d3ca70e0,false,victory,victory,gameOver,103,0,docs/fleet/reports/wave0/W0-A2.md
1407,343473246f700614,343473246f700614,false,victory,victory,gameOver,85,0,docs/fleet/reports/wave0/W0-A2.md
1408,3e4e9f689e09aad8,3e4e9f689e09aad8,false,victory,victory,gameOver,141,0,docs/fleet/reports/wave0/W0-A2.md
1409,da08bbba030ac29a,da08bbba030ac29a,false,victory,victory,gameOver,6,0,docs/fleet/reports/wave0/W0-A2.md
1410,66b55a1a66b6b832,66b55a1a66b6b832,false,gameOver,gameOver,victory,0,6,docs/fleet/reports/wave0/W0-A2.md
1411,35a1ba13d2b91103,35a1ba13d2b91103,false,victory,victory,gameOver,41,0,docs/fleet/reports/wave0/W0-A2.md
1412,a017018b43e6194b,a017018b43e6194b,false,victory,victory,gameOver,9,0,docs/fleet/reports/wave0/W0-A2.md
1413,b60f2c4f5a8a7833,b60f2c4f5a8a7833,false,gameOver,gameOver,victory,0,7,docs/fleet/reports/wave0/W0-A2.md
1414,8a4652da336c47d2,8a4652da336c47d2,false,victory,victory,gameOver,63,0,docs/fleet/reports/wave0/W0-A2.md
1415,f508c99d5e28b249,f508c99d5e28b249,false,gameOver,gameOver,victory,0,53,docs/fleet/reports/wave0/W0-A2.md
1416,e54ccc8d21fa0ef1,e54ccc8d21fa0ef1,false,victory,victory,gameOver,10,0,docs/fleet/reports/wave0/W0-A2.md
1417,66e9d31468620814,79dfbac0c2061d18,true,victory,victory,gameOver,32,0,docs/fleet/reports/wave0/W0-A3.md
1418,0e7afeda6ef33016,0e7afeda6ef33016,false,victory,victory,gameOver,99,0,docs/fleet/reports/wave0/W0-A3.md
1419,bc2ea52d47968995,bc2ea52d47968995,false,gameOver,gameOver,victory,0,12,docs/fleet/reports/wave0/W0-A3.md
1420,4166bff6f93ccec6,4166bff6f93ccec6,false,gameOver,gameOver,victory,0,4,docs/fleet/reports/wave0/W0-A3.md
1421,9c9502ae113d1092,9c9502ae113d1092,false,victory,victory,gameOver,18,0,docs/fleet/reports/wave0/W0-A3.md
1422,e97edcd52b5b2fad,e97edcd52b5b2fad,false,victory,victory,gameOver,10,0,docs/fleet/reports/wave0/W0-A3.md
1423,561c3131af5cc6d5,561c3131af5cc6d5,false,gameOver,gameOver,victory,0,7,docs/fleet/reports/wave0/W0-A3.md
1424,578d9540b37a48d4,578d9540b37a48d4,false,victory,victory,gameOver,38,0,docs/fleet/reports/wave0/W0-A3.md
1425,e8a45dbf17f01537,e8a45dbf17f01537,false,victory,victory,gameOver,37,0,docs/fleet/reports/wave0/W0-A3.md
1426,9e08aa9361a07933,9e08aa9361a07933,false,victory,victory,gameOver,148,0,docs/fleet/reports/wave0/W0-A3.md
1427,d39a3fe223652b2a,d39a3fe223652b2a,false,victory,victory,gameOver,17,0,docs/fleet/reports/wave0/W0-A3.md
1428,da2d1cd4402865a4,da2d1cd4402865a4,false,gameOver,gameOver,victory,0,11,docs/fleet/reports/wave0/W0-A3.md
1429,8afb0a9478deeaf0,8afb0a9478deeaf0,false,victory,victory,gameOver,19,0,docs/fleet/reports/wave0/W0-A3.md
1430,57f9e7ecfbfd54a4,57f9e7ecfbfd54a4,false,gameOver,gameOver,victory,0,1,docs/fleet/reports/wave0/W0-A3.md
1431,9d9d9b9a8ddfc7b2,9d9d9b9a8ddfc7b2,false,victory,victory,gameOver,139,0,docs/fleet/reports/wave0/W0-A3.md
1432,325992e53d569499,325992e53d569499,false,victory,victory,gameOver,87,0,docs/fleet/reports/wave0/W0-A3.md
1433,7649ad6c77252e78,7649ad6c77252e78,false,victory,victory,gameOver,62,0,docs/fleet/reports/wave0/W0-A3.md
1434,ef9a83524fcb9afe,ef9a83524fcb9afe,false,victory,victory,gameOver,50,0,docs/fleet/reports/wave0/W0-A3.md
1435,22b52ac51acba015,22b52ac51acba015,false,victory,victory,gameOver,62,0,docs/fleet/reports/wave0/W0-A3.md
1436,8210a03b4577612b,8210a03b4577612b,false,victory,victory,gameOver,194,0,docs/fleet/reports/wave0/W0-A3.md
1437,58665e81d6d5f995,58665e81d6d5f995,false,victory,victory,gameOver,181,0,docs/fleet/reports/wave0/W0-A3.md
1438,7496605673b7510e,7496605673b7510e,false,victory,victory,gameOver,193,0,docs/fleet/reports/wave0/W0-A3.md
1439,b02774860afa082e,b02774860afa082e,false,victory,victory,gameOver,121,0,docs/fleet/reports/wave0/W0-A3.md
1440,572d9a22745ab90a,572d9a22745ab90a,false,victory,victory,gameOver,19,0,docs/fleet/reports/wave0/W0-A3.md
1441,b41a189f14466b13,b41a189f14466b13,false,victory,victory,gameOver,42,0,docs/fleet/reports/wave0/W0-A3.md
1442,d9161a5294d3270a,d9161a5294d3270a,false,victory,victory,gameOver,173,0,docs/fleet/reports/wave0/W0-A3.md
1443,f3961587930c342f,f3961587930c342f,false,victory,victory,gameOver,33,0,docs/fleet/reports/wave0/W0-A3.md
1444,7711b4336518da2b,7711b4336518da2b,false,victory,victory,gameOver,76,0,docs/fleet/reports/wave0/W0-A3.md
1445,4f28ef81ff0361a9,4f28ef81ff0361a9,false,gameOver,gameOver,victory,0,23,docs/fleet/reports/wave0/W0-A3.md
1446,c25a7e4abff0fda2,c25a7e4abff0fda2,false,victory,victory,gameOver,23,0,docs/fleet/reports/wave0/W0-A3.md
1447,bb668261d58393e5,bb668261d58393e5,false,victory,victory,gameOver,79,0,docs/fleet/reports/wave0/W0-A3.md
1448,a644a15c500fbfcc,a644a15c500fbfcc,false,victory,victory,gameOver,125,0,docs/fleet/reports/wave0/W0-A3.md
1449,beb6f2b4e7554600,beb6f2b4e7554600,false,victory,victory,gameOver,135,0,docs/fleet/reports/wave0/W0-A3.md
1450,6d5892c6016850fe,6d5892c6016850fe,false,victory,victory,gameOver,23,0,docs/fleet/reports/wave0/W0-A3.md
1451,c43001411f766001,c43001411f766001,false,victory,victory,gameOver,73,0,docs/fleet/reports/wave0/W0-A3.md
1452,c474844c983343b4,c474844c983343b4,false,victory,victory,gameOver,51,0,docs/fleet/reports/wave0/W0-A3.md
1453,b629cb0ad70085ae,0d250bb967e9fdad,true,gameOver,gameOver,victory,0,17,docs/fleet/reports/wave0/W0-A3.md
1454,6c3e2e6a6477f74e,6c3e2e6a6477f74e,false,victory,victory,gameOver,45,0,docs/fleet/reports/wave0/W0-A3.md
1455,787f1546827b14d2,f535c12f7a3f6013,true,victory,victory,gameOver,2,0,docs/fleet/reports/wave0/W0-A3.md
1456,7ce8acd4b67498d0,7ce8acd4b67498d0,false,gameOver,gameOver,victory,0,36,docs/fleet/reports/wave0/W0-A3.md
